id,creationDate,negotiable,description,agencyFee,title
1,17/02/2023,false,artificial intelligence,40,Pre-emptive
2,06/04/2022,false,Cross-platform,82,migration
3,08/09/2022,true,archive,16,function
4,22/07/2022,false,Right-sized,79,utilisation
5,04/10/2022,true,Assimilated,53,3rd generation
6,28/11/2022,true,success,43,client-server
7,24/11/2022,true,impactful,54,analyzer
8,16/03/2022,true,focus group,24,Object-based
9,21/07/2022,false,moderator,12,archive
10,26/08/2022,true,functionalities,69,Streamlined
11,16/04/2022,false,Visionary,54,initiative
12,05/05/2022,false,Ameliorated,71,Realigned
13,23/01/2023,false,leading edge,21,multimedia
14,14/01/2023,true,matrix,59,Programmable
15,02/05/2022,true,Polarised,75,Intuitive
16,11/09/2022,false,implementation,75,leading edge
17,15/12/2022,true,Synergized,7,regional
18,15/03/2022,false,artificial intelligence,97,holistic
19,13/01/2023,true,non-volatile,26,model
20,18/08/2022,false,knowledge user,35,info-mediaries
21,23/07/2022,true,global,40,system engine
22,17/12/2022,true,Grass-roots,66,Mandatory
23,03/04/2022,false,Synchronised,58,Customizable
24,24/06/2022,true,logistical,22,static
25,13/09/2022,false,Open-source,38,utilisation
26,19/11/2022,false,initiative,8,Realigned
27,26/03/2022,false,Triple-buffered,39,data-warehouse
28,11/05/2022,true,dynamic,30,model
29,10/01/2023,true,Devolved,65,6th generation
30,03/05/2022,true,application,50,intermediate
31,03/01/2023,true,web-enabled,20,Fundamental
32,27/12/2022,true,Optional,64,Graphical User Interface
33,05/03/2022,true,installation,82,installation
34,19/05/2022,true,firmware,51,Pre-emptive
35,23/10/2022,true,De-engineered,64,Self-enabling
36,07/01/2023,true,matrices,69,Down-sized
37,25/12/2022,false,Multi-lateral,24,grid-enabled
38,19/12/2022,false,upward-trending,25,hybrid
39,20/12/2022,false,Visionary,11,Object-based
40,02/11/2022,false,methodical,7,fault-tolerant
41,30/01/2023,false,Open-source,87,radical
42,09/08/2022,false,Multi-lateral,63,matrix
43,04/04/2022,false,Reactive,16,application
44,22/04/2022,true,Inverse,63,local
45,21/01/2023,false,Future-proofed,75,discrete
46,02/02/2023,true,Organized,23,Right-sized
47,06/02/2023,true,Expanded,61,knowledge base
48,18/07/2022,false,process improvement,13,contextually-based
49,18/05/2022,true,Universal,65,Reverse-engineered
50,03/12/2022,false,local area network,80,modular
51,14/06/2022,false,Down-sized,22,Organized
52,14/04/2022,false,Visionary,82,Centralized
53,15/05/2022,false,clear-thinking,85,task-force
54,28/09/2022,true,Cross-group,39,homogeneous
55,21/04/2022,false,alliance,72,Balanced
56,10/04/2022,true,solution,58,Extended
57,21/08/2022,false,homogeneous,20,full-range
58,20/05/2022,true,incremental,99,Reduced
59,14/05/2022,false,hub,42,User-friendly
60,09/02/2023,false,national,44,Networked
61,24/06/2022,true,national,56,Virtual
62,17/05/2022,true,incremental,54,human-resource
63,26/04/2022,true,Enterprise-wide,47,Open-architected
64,02/06/2022,false,Front-line,34,Profit-focused
65,08/04/2022,false,protocol,15,didactic
66,03/01/2023,false,contextually-based,41,foreground
67,22/10/2022,false,scalable,14,migration
68,08/09/2022,false,mission-critical,78,multi-tasking
69,06/07/2022,true,scalable,38,Balanced
70,18/01/2023,false,foreground,69,Profound
71,29/12/2022,true,Secured,32,Decentralized
72,23/08/2022,false,Advanced,26,Multi-lateral
73,11/09/2022,true,even-keeled,48,actuating
74,22/08/2022,true,Exclusive,18,content-based
75,10/08/2022,true,tangible,99,process improvement
76,09/06/2022,false,Networked,6,project
77,01/02/2023,true,maximized,61,executive
78,31/07/2022,false,systematic,20,high-level
79,02/06/2022,true,Phased,15,Multi-lateral
80,05/10/2022,true,Advanced,3,uniform
81,28/12/2022,false,Vision-oriented,86,Configurable
82,01/09/2022,false,Seamless,8,Managed
83,23/12/2022,true,collaboration,78,productivity
84,14/08/2022,true,alliance,83,Enhanced
85,19/09/2022,true,Function-based,96,Up-sized
86,14/11/2022,true,Organized,13,Exclusive
87,31/08/2022,false,service-desk,95,Decentralized
88,07/08/2022,false,Mandatory,86,Open-architected
89,29/09/2022,false,Optional,82,functionalities
90,09/08/2022,true,fresh-thinking,90,ability
91,16/05/2022,true,Distributed,90,conglomeration
92,22/02/2022,true,mobile,57,content-based
93,12/11/2022,true,analyzing,62,knowledge user
94,17/03/2022,false,initiative,42,software
95,20/08/2022,true,Multi-channelled,30,help-desk
96,10/06/2022,false,Balanced,83,coherent
97,10/02/2023,false,Innovative,33,algorithm
98,29/03/2022,true,Switchable,43,Ameliorated
99,04/09/2022,true,multi-state,79,Mandatory
100,07/12/2022,true,5th generation,44,standardization
101,02/03/2022,true,dedicated,19,Persistent
102,25/07/2022,false,exuding,16,process improvement
103,03/06/2022,false,Graphical User Interface,70,transitional
104,06/08/2022,true,Front-line,61,radical
105,12/01/2023,true,Switchable,23,analyzing
106,21/04/2022,true,executive,88,policy
107,16/12/2022,false,focus group,55,tangible
108,10/07/2022,false,frame,11,needs-based
109,02/02/2023,false,zero defect,2,Function-based
110,06/06/2022,false,Horizontal,81,local area network
111,08/01/2023,false,benchmark,5,benchmark
112,13/07/2022,true,archive,23,holistic
113,06/04/2022,false,incremental,38,superstructure
114,15/07/2022,true,Assimilated,49,frame
115,24/08/2022,false,database,33,logistical
116,17/05/2022,true,Cross-platform,28,project
117,01/11/2022,true,multi-tasking,55,moratorium
118,24/07/2022,false,protocol,64,reciprocal
119,21/08/2022,false,Cross-platform,59,tertiary
120,15/05/2022,true,Reverse-engineered,2,logistical
121,24/01/2023,false,Adaptive,17,Front-line
122,13/08/2022,false,knowledge user,42,Multi-lateral
123,21/06/2022,false,conglomeration,84,analyzing
124,14/02/2023,false,multi-tasking,7,Compatible
125,25/06/2022,false,support,55,hardware
126,07/09/2022,false,structure,36,motivating
127,02/06/2022,true,uniform,8,Graphical User Interface
128,06/10/2022,false,emulation,100,Reduced
129,08/12/2022,false,Organic,32,4th generation
130,23/07/2022,true,product,6,asymmetric
131,25/09/2022,false,knowledge user,6,infrastructure
132,03/04/2022,true,hub,73,Phased
133,26/10/2022,false,system engine,20,structure
134,11/04/2022,false,Extended,53,context-sensitive
135,25/03/2022,true,artificial intelligence,69,next generation
136,21/03/2022,false,success,1,tertiary
137,08/05/2022,false,secured line,3,collaboration
138,20/07/2022,false,cohesive,86,modular
139,30/11/2022,true,Public-key,82,User-friendly
140,18/02/2023,false,hub,44,Phased
141,12/03/2022,false,zero defect,18,function
142,01/07/2022,true,orchestration,91,throughput
143,02/07/2022,false,alliance,51,utilisation
144,12/03/2022,true,success,60,Inverse
145,12/12/2022,false,hybrid,31,alliance
146,03/02/2023,true,attitude-oriented,2,contingency
147,09/03/2022,false,Managed,17,leading edge
148,21/06/2022,false,groupware,17,matrices
149,12/04/2022,false,Face to face,54,firmware
150,12/05/2022,true,De-engineered,89,toolset
151,30/11/2022,true,installation,44,frame
152,22/02/2022,true,emulation,76,moderator
153,17/05/2022,false,Innovative,89,ability
154,17/01/2023,true,website,89,adapter
155,27/03/2022,true,project,94,matrix
156,13/12/2022,true,methodical,61,multi-tasking
157,05/09/2022,false,Synergized,45,customer loyalty
158,25/04/2022,true,multimedia,36,synergy
159,27/10/2022,true,Persevering,61,Adaptive
160,03/01/2023,false,Re-contextualized,2,homogeneous
161,10/06/2022,true,software,2,Innovative
162,11/10/2022,true,productivity,41,throughput
163,15/04/2022,true,capacity,69,multi-state
164,07/11/2022,false,Customer-focused,31,Fully-configurable
165,13/05/2022,false,Right-sized,47,concept
166,15/07/2022,false,3rd generation,8,Programmable
167,02/09/2022,false,Extended,59,local area network
168,12/11/2022,false,Managed,100,success
169,18/03/2022,true,implementation,14,scalable
170,04/11/2022,false,process improvement,27,Sharable
171,18/06/2022,true,foreground,29,help-desk
172,26/05/2022,false,discrete,74,structure
173,30/05/2022,true,Quality-focused,76,ability
174,21/12/2022,true,model,62,Multi-layered
175,06/03/2022,false,open system,77,Expanded
176,07/01/2023,false,functionalities,56,parallelism
177,09/03/2022,false,modular,93,Public-key
178,31/03/2022,true,Reactive,99,Versatile
179,07/06/2022,false,Focused,82,bifurcated
180,16/05/2022,true,scalable,91,solution
181,03/02/2023,true,success,59,background
182,01/03/2022,false,groupware,23,transitional
183,31/01/2023,false,project,71,Synergistic
184,26/08/2022,true,Object-based,29,Inverse
185,04/05/2022,true,24/7,16,task-force
186,02/10/2022,false,moratorium,90,secured line
187,06/09/2022,true,asynchronous,13,contextually-based
188,11/09/2022,true,emulation,37,non-volatile
189,23/07/2022,true,strategy,41,data-warehouse
190,12/11/2022,true,service-desk,6,algorithm
191,24/07/2022,true,incremental,58,support
192,01/11/2022,true,static,18,time-frame
193,10/01/2023,false,explicit,35,policy
194,24/11/2022,true,coherent,31,Integrated
195,20/11/2022,false,systemic,20,throughput
196,26/12/2022,true,local area network,70,Multi-channelled
197,04/07/2022,true,Organized,31,application
198,10/10/2022,true,impactful,47,Horizontal
199,21/01/2023,true,tangible,34,Streamlined
200,22/10/2022,true,disintermediate,78,extranet
201,24/04/2022,false,application,63,zero tolerance
202,26/05/2022,true,internet solution,60,local
203,24/10/2022,false,Self-enabling,24,Multi-lateral
204,20/06/2022,false,encompassing,1,access
205,15/11/2022,true,Organic,71,paradigm
206,16/08/2022,false,array,42,Customizable
207,20/02/2022,true,Intuitive,20,Ergonomic
208,23/02/2022,true,analyzer,46,tangible
209,06/04/2022,false,Team-oriented,84,Universal
210,01/01/2023,true,contextually-based,82,heuristic
211,03/05/2022,true,Exclusive,59,installation
212,31/07/2022,false,mission-critical,86,solution-oriented
213,17/02/2023,false,dedicated,1,Graphical User Interface
214,30/12/2022,true,neural-net,64,leverage
215,08/02/2023,true,attitude,82,installation
216,14/07/2022,true,challenge,97,Open-source
217,21/05/2022,false,coherent,83,Grass-roots
218,07/02/2023,false,responsive,61,protocol
219,15/03/2022,true,reciprocal,87,methodical
220,01/09/2022,false,capability,86,Programmable
221,01/10/2022,false,contingency,52,Operative
222,12/11/2022,true,Multi-channelled,18,contextually-based
223,13/10/2022,true,Down-sized,91,modular
224,10/03/2022,false,productivity,45,hierarchy
225,04/08/2022,false,methodical,92,high-level
226,16/10/2022,false,Open-architected,66,Integrated
227,04/08/2022,false,24/7,72,standardization
228,04/02/2023,true,zero defect,62,policy
229,22/05/2022,false,grid-enabled,43,client-driven
230,02/08/2022,true,user-facing,24,systemic
231,31/01/2023,false,Future-proofed,3,Versatile
232,11/03/2022,true,asymmetric,34,Front-line
233,18/04/2022,false,Universal,72,Multi-lateral
234,18/08/2022,false,tertiary,6,concept
235,04/09/2022,false,modular,35,Managed
236,15/12/2022,true,challenge,79,Innovative
237,08/06/2022,true,interface,10,flexibility
238,10/02/2023,true,Managed,59,process improvement
239,01/04/2022,true,success,43,array
240,15/08/2022,false,Progressive,1,analyzer
241,06/08/2022,false,transitional,85,discrete
242,25/11/2022,true,disintermediate,34,data-warehouse
243,18/08/2022,true,archive,30,24/7
244,15/01/2023,true,Team-oriented,43,attitude
245,31/05/2022,false,encoding,33,Distributed
246,29/07/2022,false,transitional,6,human-resource
247,22/06/2022,false,product,87,challenge
248,19/07/2022,true,local area network,24,Networked
249,30/04/2022,false,grid-enabled,82,scalable
250,28/07/2022,true,interface,11,object-oriented
251,31/05/2022,true,frame,67,needs-based
252,06/05/2022,true,reciprocal,64,projection
253,03/06/2022,true,Programmable,7,function
254,25/10/2022,false,Quality-focused,58,ability
255,06/07/2022,false,Ergonomic,1,Intuitive
256,08/12/2022,false,secured line,76,collaboration
257,15/12/2022,true,Triple-buffered,53,interface
258,20/09/2022,true,website,34,dynamic
259,14/06/2022,false,leading edge,88,flexibility
260,04/02/2023,true,incremental,24,Public-key
261,21/04/2022,true,Enterprise-wide,25,project
262,28/10/2022,true,secondary,94,value-added
263,14/12/2022,true,capacity,75,neutral
264,24/02/2022,true,24/7,39,Universal
265,18/03/2022,false,Multi-tiered,9,client-server
266,06/10/2022,true,leading edge,7,Total
267,09/12/2022,true,clear-thinking,15,circuit
268,20/10/2022,false,frame,86,real-time
269,10/04/2022,false,Front-line,31,instruction set
270,12/07/2022,true,mobile,79,Enterprise-wide
271,17/11/2022,false,Compatible,3,context-sensitive
272,18/11/2022,true,Switchable,57,Re-contextualized
273,21/03/2022,true,De-engineered,95,knowledge user
274,11/06/2022,false,approach,84,Innovative
275,23/06/2022,false,encryption,49,support
276,22/02/2022,false,Operative,18,Enterprise-wide
277,01/10/2022,true,solution,27,asynchronous
278,28/03/2022,true,analyzer,36,Progressive
279,13/11/2022,true,solution-oriented,15,Optimized
280,13/10/2022,false,Grass-roots,96,well-modulated
281,18/05/2022,false,Exclusive,20,Focused
282,26/11/2022,false,contextually-based,51,forecast
283,19/08/2022,false,Ergonomic,84,Compatible
284,28/03/2022,true,clear-thinking,27,Universal
285,27/04/2022,true,Enterprise-wide,58,parallelism
286,02/08/2022,false,Open-architected,21,paradigm
287,30/12/2022,true,multi-state,66,Fundamental
288,02/04/2022,false,actuating,77,attitude-oriented
289,05/12/2022,false,high-level,13,Face to face
290,05/01/2023,false,Function-based,43,zero tolerance
291,29/12/2022,true,collaboration,43,process improvement
292,05/11/2022,true,model,48,contextually-based
293,18/08/2022,false,knowledge user,39,Realigned
294,16/03/2022,true,capacity,99,Triple-buffered
295,27/09/2022,true,real-time,37,national
296,12/11/2022,true,next generation,15,Up-sized
297,19/06/2022,false,Fundamental,32,Front-line
298,12/02/2023,true,foreground,28,Advanced
299,02/10/2022,false,Graphical User Interface,93,moderator
300,31/12/2022,false,throughput,2,grid-enabled
301,31/03/2022,false,Right-sized,21,Secured
302,10/07/2022,false,Open-architected,31,maximized
303,06/05/2022,false,challenge,24,demand-driven
304,21/05/2022,false,Right-sized,96,portal
305,23/07/2022,true,toolset,28,Assimilated
306,01/05/2022,false,Stand-alone,55,modular
307,25/10/2022,false,Up-sized,67,Versatile
308,10/11/2022,false,Operative,24,hybrid
309,30/11/2022,false,interactive,91,Open-architected
310,09/07/2022,false,attitude-oriented,99,Configurable
311,15/02/2023,false,Open-architected,38,secured line
312,17/12/2022,false,superstructure,79,Up-sized
313,02/10/2022,true,incremental,4,encoding
314,06/09/2022,false,project,47,Versatile
315,28/02/2022,true,Persevering,5,task-force
316,11/03/2022,false,optimizing,21,Front-line
317,14/03/2022,true,upward-trending,77,Synergistic
318,29/07/2022,true,challenge,79,artificial intelligence
319,12/07/2022,true,upward-trending,74,local
320,16/02/2023,false,secondary,41,encompassing
321,18/01/2023,false,workforce,16,throughput
322,12/06/2022,true,Decentralized,50,Innovative
323,16/01/2023,false,Re-engineered,24,knowledge user
324,14/01/2023,true,Self-enabling,80,capacity
325,15/03/2022,true,system-worthy,49,adapter
326,26/09/2022,false,24/7,77,extranet
327,12/03/2022,true,attitude,63,approach
328,09/11/2022,false,productivity,56,regional
329,29/10/2022,false,systemic,84,orchestration
330,23/11/2022,false,Compatible,99,tangible
331,27/09/2022,false,architecture,51,mission-critical
332,20/01/2023,false,regional,97,Front-line
333,02/05/2022,false,analyzing,64,moderator
334,27/09/2022,true,methodology,43,Devolved
335,07/06/2022,true,fault-tolerant,39,Decentralized
336,16/11/2022,false,analyzer,60,process improvement
337,10/03/2022,true,open system,22,motivating
338,14/06/2022,false,exuding,89,paradigm
339,20/12/2022,false,Fully-configurable,59,policy
340,27/08/2022,true,executive,83,model
341,27/08/2022,true,forecast,43,artificial intelligence
342,29/01/2023,true,Team-oriented,12,Customer-focused
343,04/02/2023,false,software,67,scalable
344,14/06/2022,false,Digitized,96,Grass-roots
345,15/11/2022,false,Cross-group,61,dynamic
346,06/02/2023,false,Implemented,55,analyzer
347,25/06/2022,true,matrix,88,client-driven
348,30/11/2022,true,Function-based,59,holistic
349,16/03/2022,true,motivating,81,frame
350,18/09/2022,true,upward-trending,41,array
351,29/03/2022,false,flexibility,89,high-level
352,10/04/2022,false,Inverse,9,Horizontal
353,05/04/2022,false,discrete,69,hybrid
354,29/07/2022,false,Automated,82,encompassing
355,19/04/2022,true,moratorium,94,24/7
356,24/09/2022,true,focus group,1,collaboration
357,04/11/2022,true,fresh-thinking,97,didactic
358,08/12/2022,true,Versatile,2,superstructure
359,12/11/2022,false,Function-based,48,needs-based
360,30/06/2022,true,alliance,92,Open-source
361,13/07/2022,false,Visionary,68,Stand-alone
362,27/04/2022,true,content-based,94,24 hour
363,25/01/2023,true,Customizable,4,open system
364,30/08/2022,false,client-driven,59,knowledge base
365,03/07/2022,false,Multi-channelled,96,encompassing
366,30/12/2022,false,foreground,1,Mandatory
367,28/08/2022,false,foreground,37,web-enabled
368,02/04/2022,false,synergy,75,local area network
369,06/11/2022,true,Triple-buffered,45,impactful
370,11/08/2022,true,Enterprise-wide,69,parallelism
371,06/02/2023,false,reciprocal,16,Centralized
372,14/03/2022,true,web-enabled,60,Re-engineered
373,16/12/2022,false,paradigm,68,leverage
374,16/04/2022,false,Intuitive,56,Secured
375,09/01/2023,true,Exclusive,64,contextually-based
376,28/10/2022,true,internet solution,13,solution
377,04/12/2022,false,disintermediate,1,array
378,19/08/2022,false,parallelism,17,Customizable
379,06/04/2022,true,attitude-oriented,65,benchmark
380,03/05/2022,true,24/7,88,full-range
381,23/08/2022,false,Extended,60,bottom-line
382,19/11/2022,false,didactic,37,synergy
383,07/09/2022,false,Persistent,63,Secured
384,15/04/2022,false,Automated,86,adapter
385,04/06/2022,true,Balanced,3,next generation
386,10/10/2022,false,Business-focused,85,moratorium
387,24/02/2022,false,help-desk,92,needs-based
388,24/03/2022,true,Mandatory,63,composite
389,18/05/2022,true,Automated,60,Object-based
390,17/12/2022,true,heuristic,99,web-enabled
391,17/11/2022,false,bi-directional,100,array
392,20/08/2022,false,orchestration,47,hardware
393,12/04/2022,true,intranet,34,Streamlined
394,26/12/2022,false,eco-centric,100,radical
395,02/10/2022,true,Extended,27,Proactive
396,03/10/2022,true,composite,66,Intuitive
397,30/07/2022,false,upward-trending,22,strategy
398,21/08/2022,true,empowering,13,Vision-oriented
399,30/07/2022,true,middleware,1,Monitored
400,23/06/2022,false,data-warehouse,41,instruction set
401,28/02/2022,true,encompassing,11,Stand-alone
402,10/05/2022,true,Focused,82,stable
403,17/10/2022,true,zero tolerance,14,Ameliorated
404,01/07/2022,false,foreground,45,actuating
405,30/05/2022,true,workforce,43,dynamic
406,20/01/2023,true,bandwidth-monitored,91,throughput
407,29/12/2022,true,middleware,93,Face to face
408,14/10/2022,false,Virtual,16,Fully-configurable
409,09/05/2022,true,access,5,heuristic
410,22/04/2022,true,policy,58,4th generation
411,27/06/2022,true,systemic,81,Proactive
412,11/08/2022,true,algorithm,87,4th generation
413,12/12/2022,false,asynchronous,71,exuding
414,13/02/2023,true,Persevering,46,Streamlined
415,07/02/2023,false,complexity,53,project
416,12/03/2022,false,Multi-layered,13,executive
417,28/08/2022,true,Configurable,84,website
418,29/10/2022,false,scalable,56,Vision-oriented
419,22/10/2022,true,exuding,71,Reverse-engineered
420,21/08/2022,false,Profound,44,Multi-channelled
421,08/03/2022,false,reciprocal,7,knowledge base
422,12/06/2022,true,Persevering,2,extranet
423,29/03/2022,true,Implemented,30,extranet
424,30/04/2022,false,Future-proofed,98,encoding
425,08/11/2022,true,motivating,34,responsive
426,24/02/2022,true,Customer-focused,16,budgetary management
427,27/03/2022,true,Multi-tiered,26,Automated
428,14/01/2023,true,help-desk,83,impactful
429,03/12/2022,false,Centralized,13,user-facing
430,06/01/2023,false,Persistent,14,Future-proofed
431,26/02/2022,true,data-warehouse,18,logistical
432,30/06/2022,true,groupware,36,intangible
433,14/02/2023,true,utilisation,24,access
434,20/07/2022,true,Inverse,26,homogeneous
435,07/04/2022,false,Triple-buffered,85,didactic
436,25/05/2022,false,homogeneous,33,Business-focused
437,19/10/2022,true,architecture,92,Managed
438,04/10/2022,true,Re-contextualized,87,regional
439,20/08/2022,false,even-keeled,61,capability
440,08/09/2022,true,Up-sized,35,contingency
441,01/08/2022,false,homogeneous,37,Configurable
442,18/02/2023,false,mobile,77,project
443,18/10/2022,false,artificial intelligence,26,Extended
444,08/06/2022,true,framework,71,help-desk
445,20/10/2022,true,Reactive,61,grid-enabled
446,11/04/2022,false,encompassing,77,product
447,04/07/2022,false,reciprocal,88,uniform
448,03/02/2023,true,Programmable,10,website
449,30/05/2022,true,solution-oriented,96,User-friendly
450,29/04/2022,false,local area network,49,model
451,20/06/2022,true,system-worthy,36,human-resource
452,31/12/2022,true,Optimized,24,portal
453,29/07/2022,true,Implemented,54,bifurcated
454,28/04/2022,false,functionalities,60,object-oriented
455,28/03/2022,true,challenge,44,scalable
456,23/02/2022,false,moratorium,98,encoding
457,27/01/2023,true,client-driven,25,transitional
458,27/06/2022,true,benchmark,99,intranet
459,25/11/2022,true,Universal,75,actuating
460,22/05/2022,true,asymmetric,21,5th generation
461,23/06/2022,true,interactive,66,secured line
462,12/04/2022,true,Vision-oriented,59,Profound
463,17/01/2023,false,Implemented,62,Synergized
464,17/05/2022,false,help-desk,78,Organic
465,20/09/2022,false,logistical,61,intangible
466,07/01/2023,false,solution,40,customer loyalty
467,11/05/2022,false,web-enabled,79,paradigm
468,30/05/2022,false,Monitored,40,contingency
469,04/07/2022,true,stable,28,Enhanced
470,06/10/2022,false,superstructure,86,Secured
471,22/10/2022,false,approach,95,Advanced
472,18/06/2022,false,knowledge base,75,Digitized
473,25/04/2022,false,Virtual,84,model
474,25/08/2022,false,product,24,bi-directional
475,14/11/2022,false,Optimized,45,Enhanced
476,07/04/2022,true,Reduced,27,reciprocal
477,08/02/2023,true,Networked,49,background
478,09/03/2022,true,toolset,96,5th generation
479,02/11/2022,true,Reactive,72,Centralized
480,14/06/2022,true,Graphic Interface,63,Universal
481,08/02/2023,false,methodical,51,Organized
482,24/02/2022,true,user-facing,21,utilisation
483,29/12/2022,true,Configurable,85,middleware
484,06/08/2022,true,architecture,20,pricing structure
485,07/04/2022,true,Public-key,1,info-mediaries
486,17/03/2022,true,responsive,94,Customer-focused
487,19/01/2023,false,multimedia,31,budgetary management
488,27/10/2022,true,functionalities,80,Cross-platform
489,13/03/2022,false,website,88,well-modulated
490,20/08/2022,false,Innovative,6,optimizing
491,08/07/2022,true,circuit,67,Intuitive
492,05/11/2022,false,protocol,75,Implemented
493,11/11/2022,true,optimizing,31,context-sensitive
494,07/07/2022,false,definition,4,static
495,26/06/2022,true,radical,24,time-frame
496,16/10/2022,true,task-force,20,hardware
497,14/10/2022,true,Virtual,89,hardware
498,18/06/2022,true,Phased,46,help-desk
499,09/06/2022,false,Organic,98,national
500,18/09/2022,false,regional,17,toolset
501,26/08/2022,true,matrix,25,Expanded
502,23/12/2022,false,multi-tasking,22,web-enabled
503,22/02/2022,false,disintermediate,22,exuding
504,26/04/2022,true,discrete,4,attitude
505,02/10/2022,false,real-time,51,Organic
506,22/11/2022,false,Phased,13,Devolved
507,28/07/2022,false,modular,54,groupware
508,23/09/2022,true,non-volatile,42,access
509,21/11/2022,false,Pre-emptive,31,optimizing
510,21/07/2022,false,hardware,91,Intuitive
511,16/02/2023,true,methodical,87,actuating
512,28/02/2022,true,uniform,2,architecture
513,17/09/2022,false,eco-centric,90,methodology
514,25/08/2022,true,Integrated,38,Sharable
515,12/03/2022,false,Advanced,62,superstructure
516,26/05/2022,true,encompassing,56,tertiary
517,24/09/2022,false,Monitored,12,Seamless
518,24/01/2023,true,homogeneous,3,Networked
519,23/06/2022,true,3rd generation,14,high-level
520,04/11/2022,false,methodical,69,Organized
521,15/12/2022,true,Triple-buffered,72,open architecture
522,22/08/2022,true,impactful,55,Open-architected
523,10/05/2022,true,Open-architected,24,directional
524,08/02/2023,true,reciprocal,81,data-warehouse
525,27/01/2023,false,Streamlined,20,parallelism
526,30/01/2023,true,6th generation,96,process improvement
527,17/06/2022,false,secured line,17,Inverse
528,04/07/2022,true,interface,2,disintermediate
529,27/09/2022,true,Centralized,38,Optional
530,20/03/2022,false,real-time,43,solution-oriented
531,19/01/2023,true,system engine,18,Intuitive
532,14/08/2022,false,radical,69,strategy
533,21/01/2023,true,Universal,73,model
534,14/07/2022,true,Up-sized,14,encryption
535,05/03/2022,true,Horizontal,86,concept
536,11/12/2022,true,Organic,32,client-driven
537,18/07/2022,true,Virtual,37,policy
538,28/09/2022,true,Team-oriented,92,intermediate
539,14/01/2023,true,well-modulated,27,executive
540,14/12/2022,true,Customer-focused,64,zero defect
541,02/03/2022,true,demand-driven,42,access
542,27/04/2022,false,bandwidth-monitored,60,Future-proofed
543,17/10/2022,false,scalable,74,Triple-buffered
544,27/11/2022,true,homogeneous,82,Expanded
545,05/08/2022,false,neutral,44,artificial intelligence
546,22/12/2022,false,Proactive,82,Grass-roots
547,18/12/2022,true,transitional,93,secured line
548,21/04/2022,true,cohesive,49,dedicated
549,04/01/2023,false,asynchronous,24,Devolved
550,18/06/2022,false,orchestration,88,Focused
551,28/05/2022,true,data-warehouse,24,help-desk
552,20/11/2022,true,hierarchy,9,frame
553,12/03/2022,false,architecture,43,foreground
554,15/02/2023,true,Persistent,23,protocol
555,07/06/2022,false,project,8,implementation
556,27/10/2022,true,bottom-line,62,capability
557,27/08/2022,true,attitude,45,fresh-thinking
558,07/09/2022,true,asymmetric,58,implementation
559,12/08/2022,false,throughput,78,architecture
560,09/09/2022,true,Open-source,25,leading edge
561,19/08/2022,false,array,21,service-desk
562,19/11/2022,true,knowledge base,29,Implemented
563,03/03/2022,false,content-based,25,Team-oriented
564,24/09/2022,false,hierarchy,29,Exclusive
565,17/08/2022,false,complexity,83,model
566,03/02/2023,true,Adaptive,54,open system
567,11/11/2022,false,algorithm,74,Self-enabling
568,11/12/2022,false,real-time,44,throughput
569,24/10/2022,true,tertiary,14,Optimized
570,03/01/2023,true,function,38,5th generation
571,13/03/2022,true,Fundamental,26,moratorium
572,06/06/2022,true,intangible,9,Customer-focused
573,10/11/2022,true,pricing structure,50,Re-contextualized
574,16/03/2022,false,hybrid,55,Customizable
575,22/09/2022,true,Fully-configurable,98,forecast
576,06/01/2023,false,Decentralized,77,Monitored
577,04/05/2022,false,Multi-lateral,38,Monitored
578,01/10/2022,true,stable,14,Reverse-engineered
579,24/02/2022,true,local area network,53,zero defect
580,24/11/2022,true,Devolved,82,Object-based
581,13/03/2022,true,holistic,6,analyzer
582,07/07/2022,true,architecture,57,disintermediate
583,04/06/2022,false,Sharable,91,multi-state
584,20/11/2022,true,capability,28,initiative
585,30/10/2022,false,Monitored,72,Monitored
586,15/06/2022,false,Digitized,75,modular
587,07/09/2022,true,forecast,43,real-time
588,09/06/2022,false,high-level,70,empowering
589,25/11/2022,true,tertiary,86,responsive
590,26/08/2022,true,systematic,84,Future-proofed
591,02/11/2022,true,non-volatile,57,migration
592,25/05/2022,true,multi-state,56,User-friendly
593,01/09/2022,false,info-mediaries,26,implementation
594,21/09/2022,true,forecast,96,productivity
595,08/06/2022,true,extranet,53,process improvement
596,15/02/2023,true,4th generation,50,portal
597,29/12/2022,true,paradigm,4,secured line
598,31/10/2022,true,Customizable,11,knowledge base
599,24/03/2022,true,hybrid,68,Open-source
600,17/10/2022,true,Assimilated,77,challenge
601,01/09/2022,true,Switchable,5,real-time
602,03/11/2022,true,Enterprise-wide,27,background
603,22/05/2022,false,knowledge user,25,value-added
604,14/06/2022,true,service-desk,37,Synchronised
605,23/11/2022,true,leverage,17,Customizable
606,12/08/2022,true,Centralized,30,groupware
607,05/03/2022,true,complexity,97,hardware
608,05/07/2022,false,Secured,91,secured line
609,26/05/2022,true,projection,55,Fundamental
610,09/03/2022,false,reciprocal,22,leverage
611,25/07/2022,true,reciprocal,55,Visionary
612,08/01/2023,false,bottom-line,39,24 hour
613,07/08/2022,false,tangible,77,bi-directional
614,03/06/2022,true,Configurable,26,capacity
615,21/08/2022,false,Organic,22,matrices
616,20/02/2022,true,local,92,support
617,01/01/2023,true,moderator,91,Enterprise-wide
618,15/06/2022,true,application,15,conglomeration
619,21/10/2022,false,Decentralized,16,Managed
620,22/10/2022,false,Balanced,95,superstructure
621,12/08/2022,true,info-mediaries,50,Fundamental
622,24/06/2022,true,high-level,4,user-facing
623,30/11/2022,false,Grass-roots,75,Cloned
624,10/06/2022,false,Total,46,Diverse
625,15/08/2022,true,groupware,32,client-server
626,16/11/2022,false,heuristic,81,Cross-platform
627,20/07/2022,true,Horizontal,27,Adaptive
628,03/04/2022,false,frame,68,Automated
629,12/02/2023,false,interface,3,contingency
630,03/06/2022,false,Multi-layered,17,Advanced
631,15/06/2022,true,bi-directional,17,Optimized
632,10/03/2022,false,installation,52,attitude-oriented
633,27/06/2022,true,Horizontal,84,process improvement
634,04/09/2022,false,policy,26,Implemented
635,08/12/2022,true,24 hour,94,bifurcated
636,26/11/2022,true,architecture,77,extranet
637,01/06/2022,false,holistic,51,Down-sized
638,27/04/2022,true,contingency,54,Persistent
639,23/01/2023,false,real-time,40,Automated
640,16/11/2022,true,system-worthy,98,Object-based
641,23/03/2022,true,adapter,11,Implemented
642,10/06/2022,true,Inverse,94,toolset
643,26/06/2022,false,encompassing,52,Exclusive
644,09/07/2022,false,Secured,23,multi-state
645,24/04/2022,true,Organic,24,flexibility
646,02/07/2022,true,software,23,optimal
647,23/04/2022,true,Managed,5,modular
648,22/10/2022,true,regional,91,Grass-roots
649,19/03/2022,true,heuristic,82,needs-based
650,05/12/2022,true,Synergized,39,open system
651,07/12/2022,false,conglomeration,88,secondary
652,05/12/2022,false,paradigm,33,responsive
653,25/02/2022,true,non-volatile,28,encoding
654,27/07/2022,false,next generation,73,alliance
655,07/09/2022,true,service-desk,82,value-added
656,14/10/2022,false,coherent,32,Re-contextualized
657,07/07/2022,true,ability,63,Devolved
658,01/01/2023,false,client-server,82,artificial intelligence
659,28/12/2022,true,encoding,2,Organized
660,17/06/2022,true,Automated,92,leading edge
661,11/05/2022,false,Re-contextualized,25,Integrated
662,24/11/2022,true,neural-net,69,Enterprise-wide
663,28/05/2022,false,policy,87,pricing structure
664,25/04/2022,false,Public-key,97,Focused
665,27/10/2022,true,Open-source,10,Proactive
666,01/11/2022,true,optimal,66,Self-enabling
667,26/09/2022,true,Cloned,21,function
668,17/07/2022,true,bottom-line,63,Virtual
669,09/11/2022,true,Diverse,65,Persevering
670,24/04/2022,false,Business-focused,82,Phased
671,12/12/2022,false,Ameliorated,96,parallelism
672,21/04/2022,false,Progressive,41,Cloned
673,17/02/2023,true,Synergistic,29,Innovative
674,06/11/2022,true,asymmetric,60,solution-oriented
675,02/09/2022,true,toolset,26,Extended
676,23/11/2022,false,Customer-focused,89,zero administration
677,06/02/2023,true,challenge,43,neutral
678,30/03/2022,false,website,43,Public-key
679,15/06/2022,true,open architecture,69,Secured
680,27/03/2022,false,homogeneous,10,product
681,14/03/2022,false,well-modulated,83,regional
682,07/05/2022,true,methodology,89,function
683,02/09/2022,false,hardware,69,functionalities
684,09/11/2022,true,responsive,37,focus group
685,21/07/2022,true,tertiary,57,infrastructure
686,05/04/2022,false,protocol,14,time-frame
687,26/08/2022,false,homogeneous,87,Managed
688,31/08/2022,true,function,18,analyzing
689,24/02/2022,false,leading edge,96,project
690,15/09/2022,true,productivity,25,global
691,13/09/2022,false,Ergonomic,36,monitoring
692,22/06/2022,true,local,79,Proactive
693,25/09/2022,true,interactive,40,hardware
694,16/07/2022,false,4th generation,43,Compatible
695,18/06/2022,true,interface,2,systemic
696,25/07/2022,false,tertiary,34,local
697,07/09/2022,false,Programmable,35,Programmable
698,10/08/2022,false,Focused,70,Operative
699,01/08/2022,true,clear-thinking,14,solution
700,29/07/2022,false,national,54,Graphical User Interface
701,15/01/2023,false,Public-key,7,moderator
702,17/04/2022,true,approach,94,Function-based
703,21/06/2022,false,array,39,model
704,10/11/2022,true,project,18,Robust
705,04/12/2022,false,4th generation,4,User-friendly
706,09/11/2022,false,object-oriented,91,website
707,21/06/2022,true,Managed,96,scalable
708,16/01/2023,false,grid-enabled,20,attitude
709,14/10/2022,false,solution-oriented,92,systematic
710,07/05/2022,true,holistic,41,local area network
711,13/02/2023,false,empowering,81,user-facing
712,11/10/2022,false,Sharable,71,client-driven
713,22/07/2022,true,Synchronised,24,methodical
714,13/06/2022,false,Organic,96,Synergized
715,12/08/2022,true,heuristic,54,Synergistic
716,24/03/2022,false,24 hour,11,24 hour
717,02/12/2022,true,Mandatory,10,Public-key
718,08/02/2023,false,focus group,98,success
719,12/08/2022,false,Profit-focused,45,holistic
720,28/03/2022,true,Implemented,42,Versatile
721,16/08/2022,false,bifurcated,70,projection
722,28/01/2023,true,concept,46,grid-enabled
723,26/09/2022,true,Graphic Interface,83,Cross-group
724,15/02/2023,true,Universal,21,Profound
725,04/05/2022,true,logistical,38,complexity
726,29/11/2022,false,eco-centric,36,attitude
727,04/02/2023,true,data-warehouse,40,standardization
728,15/11/2022,false,Future-proofed,7,fault-tolerant
729,18/06/2022,false,Multi-lateral,9,Programmable
730,19/04/2022,true,contingency,29,6th generation
731,02/11/2022,false,Robust,93,Inverse
732,22/01/2023,false,actuating,51,Horizontal
733,15/09/2022,false,instruction set,24,Seamless
734,29/09/2022,true,neural-net,53,Proactive
735,27/06/2022,false,capability,16,Switchable
736,30/06/2022,false,logistical,66,Progressive
737,10/06/2022,true,scalable,16,Ameliorated
738,27/01/2023,false,Exclusive,68,project
739,07/11/2022,true,24 hour,39,parallelism
740,18/09/2022,true,function,57,high-level
741,21/06/2022,false,fresh-thinking,71,Innovative
742,09/12/2022,true,discrete,37,Team-oriented
743,06/06/2022,false,5th generation,88,success
744,14/05/2022,true,Re-contextualized,50,Focused
745,28/09/2022,true,Graphic Interface,11,maximized
746,07/01/2023,false,Expanded,100,Universal
747,26/04/2022,false,Phased,32,homogeneous
748,18/09/2022,true,client-driven,45,Quality-focused
749,05/12/2022,true,Inverse,98,eco-centric
750,29/04/2022,true,Customer-focused,60,Advanced
751,09/05/2022,true,framework,95,Distributed
752,13/03/2022,false,hardware,35,utilisation
753,27/07/2022,false,Integrated,26,Polarised
754,17/06/2022,false,implementation,67,Expanded
755,03/09/2022,false,interface,98,mission-critical
756,21/03/2022,false,complexity,88,framework
757,07/01/2023,true,extranet,4,interactive
758,13/09/2022,true,monitoring,66,Innovative
759,03/03/2022,false,empowering,86,disintermediate
760,02/05/2022,true,Decentralized,35,Decentralized
761,25/01/2023,true,multimedia,95,Customizable
762,29/07/2022,false,Centralized,33,even-keeled
763,03/04/2022,true,collaboration,83,Vision-oriented
764,03/05/2022,false,pricing structure,57,6th generation
765,05/07/2022,true,collaboration,89,Networked
766,02/07/2022,false,installation,40,solution-oriented
767,23/10/2022,true,intranet,18,Object-based
768,16/05/2022,false,Proactive,60,radical
769,12/06/2022,true,Networked,8,emulation
770,26/12/2022,true,local,23,solution-oriented
771,17/09/2022,false,initiative,48,open architecture
772,02/02/2023,false,eco-centric,99,composite
773,14/12/2022,true,matrices,3,concept
774,29/04/2022,true,algorithm,83,Open-architected
775,01/03/2022,false,strategy,24,interface
776,10/10/2022,false,Realigned,47,Fully-configurable
777,07/03/2022,false,asynchronous,83,holistic
778,16/08/2022,true,fresh-thinking,75,optimal
779,12/03/2022,true,context-sensitive,53,web-enabled
780,26/06/2022,true,didactic,58,model
781,20/09/2022,false,next generation,5,functionalities
782,20/11/2022,true,definition,44,Fully-configurable
783,21/07/2022,true,groupware,47,Function-based
784,17/08/2022,false,Configurable,93,moderator
785,08/10/2022,true,Ameliorated,3,secured line
786,19/10/2022,false,maximized,15,pricing structure
787,28/08/2022,false,adapter,64,Re-contextualized
788,07/10/2022,false,actuating,45,encryption
789,05/03/2022,true,matrix,86,multi-state
790,14/12/2022,true,methodology,68,Fully-configurable
791,04/06/2022,false,cohesive,58,bandwidth-monitored
792,25/05/2022,true,Future-proofed,21,application
793,02/04/2022,false,standardization,48,Extended
794,09/04/2022,false,array,39,Progressive
795,28/12/2022,true,Proactive,18,3rd generation
796,27/11/2022,true,modular,38,contextually-based
797,06/11/2022,false,Reduced,23,Reactive
798,15/08/2022,false,groupware,6,Horizontal
799,30/10/2022,true,Multi-channelled,22,moderator
800,25/05/2022,true,challenge,1,holistic
801,31/03/2022,false,Face to face,54,Reactive
802,24/05/2022,true,24/7,54,Customizable
803,22/03/2022,true,Operative,63,Optional
804,28/09/2022,false,local,24,analyzer
805,28/09/2022,false,incremental,39,attitude-oriented
806,28/07/2022,true,protocol,30,complexity
807,01/12/2022,false,multi-tasking,15,Extended
808,11/07/2022,true,moratorium,22,hierarchy
809,25/12/2022,true,frame,85,monitoring
810,21/10/2022,true,application,2,encryption
811,02/04/2022,false,Fully-configurable,92,human-resource
812,16/01/2023,false,Self-enabling,7,homogeneous
813,03/06/2022,true,structure,65,optimal
814,22/05/2022,true,access,78,global
815,26/02/2022,true,superstructure,92,executive
816,25/09/2022,true,impactful,57,composite
817,17/02/2023,true,dedicated,80,system-worthy
818,11/06/2022,true,implementation,59,Total
819,07/05/2022,true,discrete,89,capacity
820,15/09/2022,false,infrastructure,82,object-oriented
821,11/05/2022,true,Mandatory,87,directional
822,21/05/2022,false,optimizing,70,tangible
823,12/05/2022,true,Managed,1,contextually-based
824,28/09/2022,true,regional,38,circuit
825,20/12/2022,false,Multi-layered,10,system-worthy
826,26/06/2022,false,Quality-focused,39,superstructure
827,11/01/2023,true,budgetary management,97,methodology
828,08/12/2022,true,neural-net,59,Proactive
829,23/12/2022,false,time-frame,15,Reduced
830,14/09/2022,false,Automated,73,radical
831,13/04/2022,true,asymmetric,33,User-friendly
832,26/12/2022,false,4th generation,40,Grass-roots
833,23/12/2022,false,Switchable,60,definition
834,26/03/2022,true,system engine,56,Reverse-engineered
835,26/04/2022,false,Graphical User Interface,54,static
836,08/07/2022,true,web-enabled,46,analyzing
837,13/10/2022,false,client-server,90,Virtual
838,21/04/2022,true,Synergized,28,open architecture
839,17/04/2022,false,access,31,Devolved
840,18/08/2022,false,Customizable,95,grid-enabled
841,14/01/2023,true,contingency,57,demand-driven
842,27/06/2022,true,Reactive,15,Assimilated
843,06/02/2023,true,Quality-focused,31,tangible
844,10/11/2022,false,bi-directional,59,Down-sized
845,04/03/2022,false,protocol,52,Re-contextualized
846,31/03/2022,true,paradigm,78,Phased
847,22/07/2022,false,Self-enabling,38,Re-engineered
848,04/01/2023,false,mobile,96,grid-enabled
849,22/11/2022,false,Customizable,16,multimedia
850,26/02/2022,false,Organized,67,Innovative
851,13/02/2023,false,system-worthy,26,3rd generation
852,30/09/2022,false,moderator,8,groupware
853,31/05/2022,true,Fundamental,95,interactive
854,16/12/2022,false,Cross-group,15,Innovative
855,25/05/2022,true,Multi-tiered,12,4th generation
856,22/01/2023,true,Fundamental,92,solution-oriented
857,08/02/2023,true,Monitored,39,Compatible
858,18/02/2023,true,internet solution,85,Advanced
859,05/05/2022,true,strategy,43,solution
860,24/04/2022,false,needs-based,61,throughput
861,19/12/2022,true,modular,48,value-added
862,29/05/2022,true,web-enabled,82,zero defect
863,14/11/2022,true,Sharable,56,architecture
864,13/01/2023,false,array,21,background
865,20/09/2022,false,data-warehouse,39,global
866,15/09/2022,true,application,90,benchmark
867,25/11/2022,true,Persistent,2,moderator
868,14/02/2023,true,executive,35,capacity
869,15/02/2023,false,Polarised,83,regional
870,06/06/2022,true,contingency,96,real-time
871,18/11/2022,false,productivity,14,local
872,23/01/2023,false,Progressive,62,archive
873,01/04/2022,true,Streamlined,54,open architecture
874,25/10/2022,false,empowering,33,Right-sized
875,28/01/2023,true,throughput,85,user-facing
876,05/01/2023,true,Open-architected,6,contingency
877,13/02/2023,false,Balanced,12,Business-focused
878,12/06/2022,false,methodology,83,Realigned
879,12/11/2022,true,matrix,52,Devolved
880,17/01/2023,false,solution-oriented,98,Persistent
881,07/12/2022,true,contingency,69,intranet
882,02/09/2022,false,Multi-tiered,7,Implemented
883,28/12/2022,false,service-desk,14,mobile
884,23/06/2022,false,Public-key,5,Open-architected
885,30/07/2022,false,user-facing,2,Streamlined
886,07/10/2022,false,support,58,full-range
887,22/04/2022,false,solution,83,tertiary
888,12/12/2022,true,Fully-configurable,70,Realigned
889,06/04/2022,true,internet solution,47,optimal
890,11/03/2022,false,model,42,matrices
891,27/11/2022,false,motivating,26,open system
892,03/03/2022,true,optimizing,63,zero tolerance
893,15/01/2023,true,portal,18,interface
894,11/05/2022,false,Streamlined,90,bifurcated
895,12/12/2022,true,adapter,72,challenge
896,02/04/2022,true,4th generation,59,5th generation
897,03/02/2023,true,architecture,49,Persevering
898,12/03/2022,true,uniform,57,Profound
899,28/12/2022,false,Customizable,93,Self-enabling
900,02/06/2022,false,database,82,customer loyalty
901,07/02/2023,false,Monitored,35,database
902,18/06/2022,false,Organic,35,client-driven
903,03/01/2023,false,initiative,5,Graphic Interface
904,26/10/2022,true,24 hour,24,Adaptive
905,24/04/2022,true,Digitized,83,systemic
906,12/10/2022,true,mission-critical,14,Operative
907,03/08/2022,true,hierarchy,87,executive
908,30/10/2022,true,zero defect,38,eco-centric
909,19/06/2022,false,initiative,42,Optimized
910,02/05/2022,false,Up-sized,96,groupware
911,04/12/2022,true,zero defect,76,challenge
912,25/10/2022,true,solution-oriented,98,multimedia
913,20/02/2022,false,needs-based,60,tangible
914,03/04/2022,true,leading edge,67,capacity
915,23/09/2022,false,Compatible,100,policy
916,11/06/2022,false,policy,12,orchestration
917,12/11/2022,false,intangible,30,user-facing
918,25/12/2022,true,Progressive,64,impactful
919,24/12/2022,true,bi-directional,51,heuristic
920,31/05/2022,true,matrices,7,Customizable
921,03/07/2022,false,leverage,25,help-desk
922,19/01/2023,false,Stand-alone,66,Ergonomic
923,25/03/2022,false,Extended,72,coherent
924,10/12/2022,true,parallelism,71,Future-proofed
925,09/07/2022,false,Visionary,55,24 hour
926,05/01/2023,false,Vision-oriented,5,infrastructure
927,08/02/2023,false,Distributed,25,solution
928,24/02/2022,true,6th generation,9,toolset
929,16/08/2022,true,support,12,Managed
930,04/12/2022,false,holistic,15,Total
931,03/05/2022,false,systemic,8,Public-key
932,04/03/2022,false,infrastructure,11,Integrated
933,26/02/2022,false,Multi-layered,11,Profound
934,07/03/2022,false,Innovative,63,value-added
935,09/03/2022,true,static,4,Persistent
936,09/10/2022,true,Reverse-engineered,69,parallelism
937,24/04/2022,false,utilisation,93,radical
938,02/08/2022,true,policy,20,Proactive
939,07/08/2022,true,functionalities,21,Enterprise-wide
940,14/09/2022,true,Enhanced,77,time-frame
941,19/08/2022,true,bifurcated,60,paradigm
942,05/08/2022,false,client-server,20,3rd generation
943,30/07/2022,true,Re-engineered,27,firmware
944,08/10/2022,false,incremental,26,success
945,31/12/2022,false,throughput,82,moratorium
946,27/11/2022,false,responsive,39,Distributed
947,07/12/2022,true,Down-sized,9,Multi-channelled
948,30/04/2022,false,throughput,16,analyzing
949,21/04/2022,true,Fundamental,45,moderator
950,03/03/2022,false,project,3,Face to face
951,28/01/2023,true,hardware,12,context-sensitive
952,16/04/2022,false,asynchronous,44,local
953,12/05/2022,true,Cross-group,43,holistic
954,16/02/2023,true,Grass-roots,60,conglomeration
955,26/08/2022,true,De-engineered,31,Re-contextualized
956,22/08/2022,false,Customer-focused,72,Proactive
957,18/08/2022,false,modular,58,algorithm
958,08/09/2022,true,service-desk,40,Optional
959,21/08/2022,true,solution-oriented,3,Ameliorated
960,30/10/2022,true,throughput,53,hybrid
961,19/09/2022,true,budgetary management,45,core
962,05/10/2022,true,knowledge base,80,interactive
963,17/09/2022,false,utilisation,19,encoding
964,03/12/2022,false,Quality-focused,86,contextually-based
965,05/08/2022,false,Diverse,78,coherent
966,02/03/2022,true,monitoring,29,logistical
967,29/10/2022,true,bifurcated,37,Horizontal
968,03/06/2022,false,Digitized,75,3rd generation
969,29/09/2022,false,Stand-alone,17,incremental
970,27/08/2022,false,multi-tasking,72,Public-key
971,04/09/2022,false,Grass-roots,49,Public-key
972,05/08/2022,true,hierarchy,58,moratorium
973,20/12/2022,true,Polarised,88,Assimilated
974,16/05/2022,false,multi-state,19,Multi-tiered
975,11/01/2023,true,zero administration,19,functionalities
976,29/03/2022,false,orchestration,48,value-added
977,19/01/2023,false,Customer-focused,40,Face to face
978,18/07/2022,true,Synergistic,24,5th generation
979,15/03/2022,false,local,93,orchestration
980,06/01/2023,true,Horizontal,49,internet solution
981,18/06/2022,true,global,83,Cross-group
982,11/05/2022,false,methodical,33,multi-state
983,10/02/2023,true,well-modulated,53,core
984,27/03/2022,true,Seamless,72,Future-proofed
985,12/08/2022,false,cohesive,38,dedicated
986,06/03/2022,true,database,90,dedicated
987,20/05/2022,true,orchestration,77,logistical
988,28/01/2023,false,transitional,60,Expanded
989,04/04/2022,false,attitude,53,Reactive
990,14/12/2022,false,Horizontal,62,Public-key
991,29/10/2022,false,project,95,Expanded
992,25/08/2022,false,heuristic,49,protocol
993,24/05/2022,false,Fundamental,9,Function-based
994,20/08/2022,true,orchestration,65,Optional
995,16/12/2022,false,groupware,34,Programmable
996,24/08/2022,true,clear-thinking,22,utilisation
997,02/01/2023,false,open architecture,80,Vision-oriented
998,31/01/2023,true,throughput,82,matrix
999,18/07/2022,false,neutral,63,impactful
1000,02/01/2023,false,Object-based,81,service-desk
